Event Time;Time Span
631610.4499999767;611610.4499999767
1262138.770000001;610528.3200000243
1262139.0;0.0
