Event Time;State
0.0;Busy
9.815334907855333E7;Idle
9.815359E7;Busy
