Event Time;Time Span
614019.5599999867;612019.5599999867
1227485.109999987;611465.5500000004
1227486.0;0.0
