Event Time;Time Span
563246.399999994;543246.399999994
1128186.0400000561;544939.6400000622
1128187.0;0.0
